Datetime,Open,High,Low,Close,Volume
2024-06-03 08:00:00+00:00,192.45,193.14,192.45,192.77,3376
2024-06-03 08:01:00+00:00,192.69,192.69,192.69,192.69,1028
2024-06-03 08:02:00+00:00,192.68,192.7,192.68,192.7,6174
2024-06-03 08:03:00+00:00,192.73,192.78,192.73,192.74,2982
2024-06-03 08:04:00+00:00,192.77,193.0,192.77,193.0,13024
2024-06-03 08:05:00+00:00,193.1,193.3,193.1,193.15,6049
2024-06-03 08:06:00+00:00,193.2,193.2,193.08,193.08,1651
2024-06-03 08:07:00+00:00,193.1,193.1,193.09,193.09,558
2024-06-03 08:08:00+00:00,193.03,193.1,193.03,193.1,2964
2024-06-03 08:09:00+00:00,193.03,193.03,192.9,192.9,3623
2024-06-03 08:10:00+00:00,192.91,192.91,192.91,192.91,970
2024-06-03 08:11:00+00:00,192.9,192.91,192.84,192.84,3036
2024-06-03 08:12:00+00:00,192.87,192.88,192.87,192.88,6037
2024-06-03 08:13:00+00:00,192.83,192.9,192.83,192.9,1866
2024-06-03 08:15:00+00:00,192.9,192.9,192.9,192.9,1187
2024-06-03 08:23:00+00:00,192.85,192.85,192.85,192.85,592
2024-06-03 08:25:00+00:00,192.92,192.92,192.92,192.92,591
2024-06-03 08:26:00+00:00,192.92,192.92,192.92,192.92,416
2024-06-03 08:29:00+00:00,192.85,192.85,192.85,192.85,376
2024-06-03 08:33:00+00:00,192.93,192.93,192.93,192.93,954
2024-06-03 08:36:00+00:00,192.94,193.06,192.94,193.06,5125
2024-06-03 08:37:00+00:00,193.07,193.15,193.07,193.15,4627
2024-06-03 08:39:00+00:00,193.1,193.1,193.1,193.1,1060
2024-06-03 08:40:00+00:00,193.1,193.1,193.1,193.1,120
2024-06-03 08:41:00+00:00,193.1,193.1,193.1,193.1,1748
2024-06-03 08:42:00+00:00,192.91,192.91,192.91,192.91,698
2024-06-03 08:43:00+00:00,192.92,192.92,192.92,192.92,380
2024-06-03 08:47:00+00:00,192.92,192.92,192.92,192.92,343
2024-06-03 08:49:00+00:00,193.0,193.08,193.0,193.08,1780
2024-06-03 08:50:00+00:00,193.0,193.0,193.0,193.0,1106
2024-06-03 08:51:00+00:00,193.1,193.1,193.1,193.1,614
2024-06-03 08:52:00+00:00,193.1,193.1,193.1,193.1,547
2024-06-03 08:53:00+00:00,193.1,193.12,193.1,193.12,813
2024-06-03 08:54:00+00:00,193.13,193.13,193.13,193.13,569
2024-06-03 08:55:00+00:00,193.12,193.12,193.12,193.12,649
2024-06-03 08:56:00+00:00,193.02,193.02,193.02,193.02,303
2024-06-03 08:58:00+00:00,193.1,193.12,193.09,193.12,2192
2024-06-03 08:59:00+00:00,193.1,193.1,193.1,193.1,485
2024-06-03 09:01:00+00:00,193.0,193.0,193.0,193.0,1635
2024-06-03 09:03:00+00:00,192.98,192.98,192.98,192.98,272
2024-06-03 09:04:00+00:00,193.0,193.03,193.0,193.03,2667
2024-06-03 09:06:00+00:00,193.0,193.0,193.0,193.0,402
2024-06-03 09:08:00+00:00,193.08,193.11,193.08,193.11,1002
2024-06-03 09:10:00+00:00,193.08,193.08,193.08,193.08,858
2024-06-03 09:14:00+00:00,193.0,193.0,193.0,193.0,561
2024-06-03 09:15:00+00:00,193.05,193.05,193.05,193.05,1121
2024-06-03 09:17:00+00:00,193.06,193.06,193.06,193.06,1782
2024-06-03 09:18:00+00:00,193.06,193.08,193.06,193.08,1429
2024-06-03 09:19:00+00:00,193.06,193.06,193.03,193.03,3807
2024-06-03 09:20:00+00:00,193.0,193.0,193.0,193.0,1013
2024-06-03 09:22:00+00:00,193.0,193.0,193.0,193.0,1878
2024-06-03 09:23:00+00:00,192.95,192.95,192.95,192.95,352
2024-06-03 09:24:00+00:00,192.96,192.96,192.96,192.96,403
2024-06-03 09:25:00+00:00,192.96,192.96,192.96,192.96,728
2024-06-03 09:26:00+00:00,192.98,192.98,192.98,192.98,975
2024-06-03 09:28:00+00:00,193.02,193.02,192.98,192.98,1451
2024-06-03 09:29:00+00:00,193.02,193.02,192.97,192.97,1383
2024-06-03 09:30:00+00:00,192.98,193.03,192.98,193.03,921
2024-06-03 09:32:00+00:00,193.05,193.08,193.05,193.08,3111
2024-06-03 09:33:00+00:00,193.04,193.04,193.04,193.04,129
2024-06-03 09:35:00+00:00,193.04,193.07,193.04,193.07,1016
2024-06-03 09:38:00+00:00,193.0,193.0,193.0,193.0,732
2024-06-03 09:39:00+00:00,193.0,193.0,192.97,193.0,1432
2024-06-03 09:40:00+00:00,193.0,193.0,193.0,193.0,1573
2024-06-03 09:43:00+00:00,193.07,193.07,193.07,193.07,235
2024-06-03 09:44:00+00:00,193.07,193.07,193.03,193.03,1381
2024-06-03 09:45:00+00:00,193.03,193.03,193.0,193.0,1213
2024-06-03 09:47:00+00:00,192.98,192.98,192.97,192.97,2060
2024-06-03 09:48:00+00:00,192.96,192.96,192.95,192.95,1660
2024-06-03 09:52:00+00:00,192.92,193.0,192.92,192.99,828
2024-06-03 09:53:00+00:00,192.99,193.0,192.99,193.0,502
2024-06-03 09:59:00+00:00,192.99,192.99,192.98,192.98,1066
2024-06-03 10:00:00+00:00,193.0,193.0,193.0,193.0,379
2024-06-03 10:07:00+00:00,192.97,192.97,192.97,192.97,1394
2024-06-03 10:11:00+00:00,192.99,192.99,192.99,192.99,427
2024-06-03 10:14:00+00:00,193.0,193.0,193.0,193.0,355
2024-06-03 10:16:00+00:00,193.0,193.03,193.0,193.03,730
2024-06-03 10:17:00+00:00,193.07,193.07,193.07,193.07,794
2024-06-03 10:19:00+00:00,193.08,193.08,193.08,193.08,228
2024-06-03 10:22:00+00:00,193.03,193.03,193.03,193.03,378
2024-06-03 10:23:00+00:00,193.0,193.02,193.0,193.02,1140
2024-06-03 10:31:00+00:00,193.05,193.05,193.05,193.05,202
2024-06-03 10:32:00+00:00,193.06,193.06,193.06,193.06,560
2024-06-03 10:39:00+00:00,193.07,193.07,193.07,193.07,182
2024-06-03 10:40:00+00:00,193.02,193.02,193.02,193.02,392
2024-06-03 10:44:00+00:00,193.07,193.07,193.07,193.07,588
2024-06-03 10:45:00+00:00,193.05,193.05,193.01,193.01,1730
2024-06-03 10:46:00+00:00,193.01,193.01,193.01,193.01,620
2024-06-03 10:47:00+00:00,193.01,193.01,193.0,193.0,3102
2024-06-03 10:48:00+00:00,192.97,192.97,192.97,192.97,1455
2024-06-03 10:50:00+00:00,192.9,192.9,192.85,192.85,2862
2024-06-03 10:51:00+00:00,192.85,192.85,192.8,192.8,1550
2024-06-03 10:52:00+00:00,192.79,192.8,192.79,192.8,1199
2024-06-03 10:53:00+00:00,192.83,192.83,192.8,192.8,1999
2024-06-03 11:00:00+00:00,192.85,192.85,192.71,192.71,4936
2024-06-03 11:02:00+00:00,192.89,192.89,192.86,192.86,691
2024-06-03 11:03:00+00:00,192.88,192.92,192.83,192.85,4167
2024-06-03 11:04:00+00:00,192.89,192.9,192.89,192.9,1942
2024-06-03 11:05:00+00:00,192.94,192.95,192.94,192.95,1945
2024-06-03 11:06:00+00:00,192.98,193.0,192.98,193.0,1699
2024-06-03 11:07:00+00:00,192.91,192.91,192.91,192.91,980
2024-06-03 11:08:00+00:00,192.94,192.94,192.93,192.93,2565
2024-06-03 11:10:00+00:00,192.94,192.97,192.94,192.94,1916
2024-06-03 11:11:00+00:00,192.95,192.95,192.94,192.95,1230
2024-06-03 11:12:00+00:00,192.94,192.94,192.94,192.94,1585
2024-06-03 11:13:00+00:00,192.93,192.93,192.88,192.93,4330
2024-06-03 11:15:00+00:00,192.92,192.92,192.91,192.91,452
2024-06-03 11:16:00+00:00,192.88,192.88,192.88,192.88,1107
2024-06-03 11:18:00+00:00,192.85,192.88,192.85,192.88,2150
2024-06-03 11:19:00+00:00,192.91,192.95,192.9,192.95,4488
2024-06-03 11:23:00+00:00,192.84,192.84,192.82,192.82,524
2024-06-03 11:24:00+00:00,192.83,192.83,192.83,192.83,342
2024-06-03 11:25:00+00:00,192.8,192.8,192.76,192.76,780
2024-06-03 11:27:00+00:00,192.74,192.76,192.74,192.76,1355
2024-06-03 11:30:00+00:00,192.9,192.91,192.9,192.9,2662
2024-06-03 11:31:00+00:00,192.9,193.0,192.9,193.0,4742
2024-06-03 11:32:00+00:00,192.99,192.99,192.99,192.99,306
2024-06-03 11:34:00+00:00,192.8,192.8,192.62,192.62,4542
2024-06-03 11:41:00+00:00,192.8,192.81,192.8,192.81,762
2024-06-03 11:45:00+00:00,192.85,193.1,192.85,193.1,7622
2024-06-03 11:46:00+00:00,193.0,193.0,193.0,193.0,1766
2024-06-03 11:49:00+00:00,192.99,193.0,192.99,193.0,743
2024-06-03 11:50:00+00:00,193.0,193.0,193.0,193.0,776
2024-06-03 11:56:00+00:00,192.94,192.94,192.93,192.93,1214
2024-06-03 11:57:00+00:00,192.95,192.95,192.95,192.95,713
2024-06-03 12:00:00+00:00,192.8014,193.0464,192.7001,192.9847,49902
2024-06-03 12:01:00+00:00,193.2,193.2,191.77,191.77,4356
2024-06-03 12:02:00+00:00,192.95,193.49,192.95,193.0,9917
2024-06-03 12:03:00+00:00,193.28,193.5,192.962,192.98,14414
2024-06-03 12:04:00+00:00,192.9799,193.49,192.9799,193.44,2331
2024-06-03 12:05:00+00:00,193.13,193.47,192.94,193.24,6250
2024-06-03 12:06:00+00:00,193.45,193.53,193.08,193.42,3840
2024-06-03 12:07:00+00:00,193.23,193.49,192.97,192.97,3732
2024-06-03 12:08:00+00:00,192.94,192.9599,192.94,192.9599,1822
2024-06-03 12:09:00+00:00,192.92,192.94,192.87,192.87,1732
2024-06-03 12:10:00+00:00,192.8874,192.89,192.8874,192.89,778
2024-06-03 12:12:00+00:00,192.86,192.86,192.83,192.83,884
2024-06-03 12:13:00+00:00,192.85,192.85,192.85,192.85,1485
2024-06-03 12:14:00+00:00,192.85,192.9,192.85,192.8643,1876
2024-06-03 12:15:00+00:00,192.8665,193.0,192.8665,193.0,5448
2024-06-03 12:16:00+00:00,192.9729,192.9729,192.9729,192.9729,526
2024-06-03 12:17:00+00:00,192.86,192.92,192.86,192.92,2927
2024-06-03 12:18:00+00:00,192.88,192.88,192.88,192.88,573
2024-06-03 12:19:00+00:00,192.88,192.9,192.88,192.9,520
2024-06-03 12:20:00+00:00,192.86,192.86,192.86,192.86,1182
2024-06-03 12:21:00+00:00,192.88,192.88,192.88,192.88,863
2024-06-03 12:23:00+00:00,192.8539,192.8539,192.85,192.85,822
2024-06-03 12:24:00+00:00,192.88,192.93,192.88,192.93,4944
2024-06-03 12:25:00+00:00,192.92,192.93,192.92,192.93,2354
2024-06-03 12:26:00+00:00,192.98,192.98,192.98,192.98,600
2024-06-03 12:27:00+00:00,192.98,193.0,192.98,192.99,5263
2024-06-03 12:28:00+00:00,193.0,193.05,192.99,193.03,1405
2024-06-03 12:29:00+00:00,193.05,193.05,192.99,192.99,10443
2024-06-03 12:30:00+00:00,192.93,192.99,192.93,192.99,600
2024-06-03 12:31:00+00:00,192.96,192.9776,192.88,192.88,633
2024-06-03 12:32:00+00:00,192.88,192.93,192.88,192.9285,2476
2024-06-03 12:33:00+00:00,192.9496,192.9496,192.88,192.9199,4160
2024-06-03 12:34:00+00:00,192.91,192.93,192.88,192.88,4428
2024-06-03 12:35:00+00:00,192.88,192.9463,192.88,192.88,5390
2024-06-03 12:36:00+00:00,192.9299,192.93,192.88,192.88,1368
2024-06-03 12:37:00+00:00,192.91,192.91,192.88,192.88,2236
2024-06-03 12:38:00+00:00,192.89,192.89,192.88,192.89,1872
2024-06-03 12:39:00+00:00,192.88,192.88,192.88,192.88,640
2024-06-03 12:41:00+00:00,192.88,192.88,192.88,192.88,900
2024-06-03 12:42:00+00:00,192.8801,192.89,192.88,192.8801,887
2024-06-03 12:43:00+00:00,192.89,192.89,192.89,192.89,812
2024-06-03 12:44:00+00:00,192.8897,192.8897,192.88,192.88,1966
2024-06-03 12:46:00+00:00,192.91,192.91,192.88,192.88,613
2024-06-03 12:47:00+00:00,192.91,192.91,192.91,192.91,3856
2024-06-03 12:48:00+00:00,192.95,192.95,192.92,192.92,914
2024-06-03 12:49:00+00:00,192.9494,192.97,192.9,192.9,13885
2024-06-03 12:50:00+00:00,192.92,192.96,192.92,192.96,937
2024-06-03 12:51:00+00:00,192.95,192.95,192.88,192.8898,8480
2024-06-03 12:52:00+00:00,192.88,192.8835,192.88,192.88,4749
2024-06-03 12:53:00+00:00,192.88,192.89,192.88,192.89,843
2024-06-03 12:54:00+00:00,192.88,192.8802,192.88,192.8802,750
2024-06-03 12:55:00+00:00,192.88,192.89,192.88,192.89,1007
2024-06-03 12:56:00+00:00,192.89,192.89,192.88,192.8802,963
2024-06-03 12:57:00+00:00,192.88,192.88,192.88,192.88,3717
2024-06-03 12:58:00+00:00,192.88,192.88,192.88,192.88,1291
2024-06-03 12:59:00+00:00,192.88,192.9,192.82,192.82,22896
2024-06-03 13:00:00+00:00,192.8,192.8,192.75,192.78,6012
2024-06-03 13:01:00+00:00,192.77,192.8,192.7001,192.8,4392
2024-06-03 13:04:00+00:00,192.87,192.88,192.87,192.88,789
2024-06-03 13:05:00+00:00,192.84,192.84,192.82,192.82,587
2024-06-03 13:06:00+00:00,192.8,192.8,192.8,192.8,1935
2024-06-03 13:08:00+00:00,192.74,192.798,192.74,192.798,1355
2024-06-03 13:09:00+00:00,192.8,192.84,192.8,192.84,1443
2024-06-03 13:10:00+00:00,192.85,192.85,192.85,192.85,1762
2024-06-03 13:11:00+00:00,192.9,192.9,192.9,192.9,642
2024-06-03 13:12:00+00:00,192.94,192.94,192.846,192.846,602
2024-06-03 13:13:00+00:00,192.84,192.9082,192.84,192.85,1159
2024-06-03 13:14:00+00:00,192.8513,192.88,192.8513,192.87,1408
2024-06-03 13:15:00+00:00,192.8699,192.87,192.8,192.8,6865
2024-06-03 13:16:00+00:00,192.75,192.91,192.75,192.77,5148
2024-06-03 13:17:00+00:00,192.81,192.85,192.81,192.85,4356
2024-06-03 13:18:00+00:00,192.84,192.9,192.84,192.89,3772
2024-06-03 13:19:00+00:00,192.91,192.91,192.87,192.89,4374
2024-06-03 13:20:00+00:00,192.8891,192.8891,192.87,192.87,885
2024-06-03 13:21:00+00:00,192.89,192.91,192.88,192.88,2029
2024-06-03 13:22:00+00:00,192.91,192.97,192.91,192.96,4353
2024-06-03 13:23:00+00:00,192.98,192.99,192.93,192.94,3290
2024-06-03 13:24:00+00:00,192.95,192.98,192.9203,192.9203,4402
2024-06-03 13:25:00+00:00,192.94,192.94,192.62,192.71,19915
2024-06-03 13:26:00+00:00,192.72,192.75,192.48,192.6,19919
2024-06-03 13:27:00+00:00,192.6,193.0,192.5689,193.0,12123
2024-06-03 13:28:00+00:00,192.99,193.05,192.8903,193.04,18359
2024-06-03 13:29:00+00:00,193.05,193.12,193.01,193.01,17087
2024-06-03 13:30:00+00:00,193.01,193.34,192.8,193.32,1699992
2024-06-03 13:31:00+00:00,193.3,193.39,192.58,192.78,455157
2024-06-03 13:32:00+00:00,192.775,192.89,192.52,192.76,280777
2024-06-03 13:33:00+00:00,192.755,192.98,192.64,192.78,208459
2024-06-03 13:34:00+00:00,192.82,193.23,192.75,193.13,289465
2024-06-03 13:35:00+00:00,193.14,193.1496,192.64,193.015,313375
2024-06-03 13:36:00+00:00,193.01,193.53,193.0,193.52,335271
2024-06-03 13:37:00+00:00,193.52,193.745,193.22,193.28,306120
2024-06-03 13:38:00+00:00,193.28,193.28,192.9,192.9239,196442
2024-06-03 13:39:00+00:00,192.92,193.34,192.8966,193.34,240034
2024-06-03 13:40:00+00:00,193.34,193.45,193.1,193.45,213260
2024-06-03 13:41:00+00:00,193.4436,193.61,193.37,193.565,174208
2024-06-03 13:42:00+00:00,193.5682,193.67,193.56,193.625,153568
2024-06-03 13:43:00+00:00,193.62,193.794,193.5812,193.7,193394
2024-06-03 13:44:00+00:00,193.6956,193.9,193.6301,193.87,211357
2024-06-03 13:45:00+00:00,193.88,193.99,193.77,193.96,202480
2024-06-03 13:46:00+00:00,193.98,194.22,193.9678,194.1596,642510
2024-06-03 13:47:00+00:00,194.16,194.33,194.045,194.2995,262951
2024-06-03 13:48:00+00:00,194.29,194.3,194.0301,194.1724,249239
2024-06-03 13:49:00+00:00,194.18,194.39,194.16,194.33,238221
2024-06-03 13:50:00+00:00,194.33,194.56,194.24,194.24,409852
2024-06-03 13:51:00+00:00,194.24,194.26,194.03,194.15,500959
2024-06-03 13:52:00+00:00,194.13,194.149,193.84,193.9042,201881
2024-06-03 13:53:00+00:00,193.91,194.08,193.86,194.06,169961
2024-06-03 13:54:00+00:00,194.06,194.24,194.03,194.08,169946
2024-06-03 13:55:00+00:00,194.1,194.22,194.01,194.055,174289
2024-06-03 13:56:00+00:00,194.055,194.12,193.71,193.96,194016
2024-06-03 13:57:00+00:00,193.96,194.18,193.95,194.1657,143976
2024-06-03 13:58:00+00:00,194.1647,194.4,194.14,194.3157,142178
2024-06-03 13:59:00+00:00,194.3114,194.42,194.07,194.11,210768
2024-06-03 14:00:00+00:00,194.13,194.57,194.12,194.27,377211
2024-06-03 14:01:00+00:00,194.27,194.3512,194.02,194.18,158297
2024-06-03 14:02:00+00:00,194.15,194.38,194.05,194.35,186217
2024-06-03 14:03:00+00:00,194.35,194.36,194.08,194.235,142268
2024-06-03 14:04:00+00:00,194.22,194.43,194.22,194.415,149284
2024-06-03 14:05:00+00:00,194.4124,194.55,194.3553,194.38,222714
2024-06-03 14:06:00+00:00,194.39,194.56,194.32,194.39,144977
2024-06-03 14:07:00+00:00,194.38,194.48,194.33,194.39,115174
2024-06-03 14:08:00+00:00,194.4,194.41,194.18,194.22,143647
2024-06-03 14:09:00+00:00,194.21,194.245,194.16,194.245,110212
2024-06-03 14:10:00+00:00,194.24,194.3,194.1,194.18,117414
2024-06-03 14:11:00+00:00,194.1868,194.19,194.01,194.0172,111852
2024-06-03 14:12:00+00:00,194.02,194.23,194.0,194.22,101284
2024-06-03 14:13:00+00:00,194.19,194.385,194.18,194.345,158147
2024-06-03 14:14:00+00:00,194.35,194.5625,194.335,194.56,211202
2024-06-03 14:15:00+00:00,194.57,194.78,194.56,194.74,414220
2024-06-03 14:16:00+00:00,194.735,194.81,194.54,194.63,210913
2024-06-03 14:17:00+00:00,194.62,194.7,194.55,194.605,129228
2024-06-03 14:18:00+00:00,194.61,194.87,194.61,194.87,260892
2024-06-03 14:19:00+00:00,194.87,194.93,194.84,194.8949,198979
2024-06-03 14:20:00+00:00,194.895,194.99,194.82,194.955,270404
2024-06-03 14:21:00+00:00,194.96,194.99,194.88,194.9,194125
2024-06-03 14:22:00+00:00,194.905,194.93,194.865,194.92,84948
2024-06-03 14:23:00+00:00,194.925,194.9588,194.85,194.95,137985
2024-06-03 14:24:00+00:00,194.95,194.9699,194.8,194.83,139254
2024-06-03 14:25:00+00:00,194.825,194.88,194.69,194.835,155642
2024-06-03 14:26:00+00:00,194.8315,194.8999,194.8,194.88,89091
2024-06-03 14:27:00+00:00,194.89,194.925,194.85,194.88,83035
2024-06-03 14:28:00+00:00,194.88,194.97,194.8,194.91,96639
2024-06-03 14:29:00+00:00,194.9,194.905,194.83,194.835,92411
2024-06-03 14:30:00+00:00,194.835,194.87,194.77,194.8001,99226
2024-06-03 14:31:00+00:00,194.8,194.92,194.78,194.785,114836
2024-06-03 14:32:00+00:00,194.7877,194.83,194.63,194.82,170339
2024-06-03 14:33:00+00:00,194.815,194.815,194.7,194.7331,73941
2024-06-03 14:34:00+00:00,194.735,194.84,194.7,194.81,103234
2024-06-03 14:35:00+00:00,194.8001,194.809,194.55,194.55,134363
2024-06-03 14:36:00+00:00,194.55,194.63,194.32,194.33,168461
2024-06-03 14:37:00+00:00,194.35,194.45,194.32,194.35,155081
2024-06-03 14:38:00+00:00,194.35,194.42,194.18,194.26,178700
2024-06-03 14:39:00+00:00,194.25,194.41,194.13,194.35,183251
2024-06-03 14:40:00+00:00,194.36,194.7,194.23,194.7,266956
2024-06-03 14:41:00+00:00,194.69,194.8,194.64,194.7616,107542
2024-06-03 14:42:00+00:00,194.765,194.87,194.68,194.835,130757
2024-06-03 14:43:00+00:00,194.82,194.9,194.74,194.82,124870
2024-06-03 14:44:00+00:00,194.805,194.82,194.61,194.63,130053
2024-06-03 14:45:00+00:00,194.62,194.64,194.42,194.53,112473
2024-06-03 14:46:00+00:00,194.525,194.534,194.38,194.5,113693
2024-06-03 14:47:00+00:00,194.5,194.53,194.37,194.46,120625
2024-06-03 14:48:00+00:00,194.46,194.5,194.37,194.44,93294
2024-06-03 14:49:00+00:00,194.45,194.535,194.36,194.435,117157
2024-06-03 14:50:00+00:00,194.42,194.515,194.345,194.5113,78858
2024-06-03 14:51:00+00:00,194.52,194.58,194.47,194.47,94608
2024-06-03 14:52:00+00:00,194.46,194.46,194.255,194.435,191404
2024-06-03 14:53:00+00:00,194.44,194.46,194.22,194.24,126836
2024-06-03 14:54:00+00:00,194.245,194.25,194.06,194.06,111268
2024-06-03 14:55:00+00:00,194.06,194.22,194.05,194.1799,90148
2024-06-03 14:56:00+00:00,194.18,194.25,194.1,194.16,115706
2024-06-03 14:57:00+00:00,194.17,194.1922,194.025,194.04,97630
2024-06-03 14:58:00+00:00,194.05,194.16,194.02,194.1173,112653
2024-06-03 14:59:00+00:00,194.115,194.115,193.91,193.95,123912
2024-06-03 15:00:00+00:00,193.94,193.9699,193.84,193.94,102061
2024-06-03 15:01:00+00:00,193.94,194.02,193.9,193.9328,70895
2024-06-03 15:02:00+00:00,193.94,193.99,193.87,193.95,61918
2024-06-03 15:03:00+00:00,193.95,193.9591,193.7487,193.76,81417
2024-06-03 15:04:00+00:00,193.7457,193.84,193.68,193.82,94690
2024-06-03 15:05:00+00:00,193.82,193.8699,193.72,193.76,81499
2024-06-03 15:06:00+00:00,193.76,193.77,193.58,193.6999,108491
2024-06-03 15:07:00+00:00,193.695,193.7999,193.69,193.755,66822
2024-06-03 15:08:00+00:00,193.76,193.8861,193.76,193.76,82163
2024-06-03 15:09:00+00:00,193.76,193.7899,193.7,193.73,52867
2024-06-03 15:10:00+00:00,193.74,193.9236,193.725,193.8699,66840
2024-06-03 15:11:00+00:00,193.86,193.9,193.82,193.87,66935
2024-06-03 15:12:00+00:00,193.87,193.96,193.8666,193.95,66071
2024-06-03 15:13:00+00:00,193.945,193.95,193.81,193.825,61138
2024-06-03 15:14:00+00:00,193.82,193.855,193.73,193.83,134869
2024-06-03 15:15:00+00:00,193.845,193.87,193.8,193.83,60711
2024-06-03 15:16:00+00:00,193.84,193.94,193.81,193.825,91001
2024-06-03 15:17:00+00:00,193.81,193.83,193.74,193.76,68376
2024-06-03 15:18:00+00:00,193.75,193.8899,193.74,193.85,83513
2024-06-03 15:19:00+00:00,193.83,193.92,193.8,193.91,41615
2024-06-03 15:20:00+00:00,193.92,194.075,193.92,193.96,117369
2024-06-03 15:21:00+00:00,193.95,194.14,193.9403,194.14,101390
2024-06-03 15:22:00+00:00,194.1314,194.22,194.11,194.185,131777
2024-06-03 15:23:00+00:00,194.185,194.25,194.1,194.23,137826
2024-06-03 15:24:00+00:00,194.231,194.35,194.225,194.35,75701
2024-06-03 15:25:00+00:00,194.35,194.43,194.3,194.3239,191794
2024-06-03 15:26:00+00:00,194.33,194.35,194.05,194.09,118583
2024-06-03 15:27:00+00:00,194.08,194.17,194.05,194.1256,108106
2024-06-03 15:28:00+00:00,194.115,194.1454,194.09,194.11,47305
2024-06-03 15:29:00+00:00,194.105,194.17,194.09,194.13,54077
2024-06-03 15:30:00+00:00,194.12,194.28,194.095,194.2675,80860
2024-06-03 15:31:00+00:00,194.27,194.275,194.08,194.15,84937
2024-06-03 15:32:00+00:00,194.15,194.1625,194.045,194.06,56250
2024-06-03 15:33:00+00:00,194.0581,194.2,194.05,194.13,70849
2024-06-03 15:34:00+00:00,194.13,194.13,193.9153,193.92,67777
2024-06-03 15:35:00+00:00,193.91,194.13,193.86,193.99,105949
2024-06-03 15:36:00+00:00,194.0,194.27,193.995,194.15,88631
2024-06-03 15:37:00+00:00,194.145,194.27,194.105,194.18,62023
2024-06-03 15:38:00+00:00,194.19,194.21,194.14,194.18,108864
2024-06-03 15:39:00+00:00,194.18,194.21,194.0179,194.0179,45142
2024-06-03 15:40:00+00:00,194.018,194.119,193.95,194.098,77976
2024-06-03 15:41:00+00:00,194.09,194.0986,193.97,194.07,86697
2024-06-03 15:42:00+00:00,194.07,194.2335,194.07,194.12,66140
2024-06-03 15:43:00+00:00,194.115,194.39,194.105,194.38,108214
2024-06-03 15:44:00+00:00,194.3732,194.38,194.22,194.27,109158
2024-06-03 15:45:00+00:00,194.27,194.38,194.195,194.195,85313
2024-06-03 15:46:00+00:00,194.18,194.19,193.96,193.9699,62348
2024-06-03 15:47:00+00:00,193.96,194.02,193.94,194.0,91949
2024-06-03 15:48:00+00:00,194.01,194.0695,193.96,194.0,81031
2024-06-03 15:49:00+00:00,194.01,194.05,193.9058,193.91,80145
2024-06-03 15:50:00+00:00,193.91,193.92,193.76,193.785,88815
2024-06-03 15:51:00+00:00,193.785,193.92,193.7,193.9,116051
2024-06-03 15:52:00+00:00,193.9004,193.98,193.86,193.97,53155
2024-06-03 15:53:00+00:00,193.96,194.02,193.94,194.02,84994
2024-06-03 15:54:00+00:00,194.0001,194.02,193.86,193.875,57464
2024-06-03 15:55:00+00:00,193.87,193.9007,193.8,193.8499,38431
2024-06-03 15:56:00+00:00,193.84,193.84,193.66,193.71,87474
2024-06-03 15:57:00+00:00,193.72,193.84,193.71,193.7887,51838
2024-06-03 15:58:00+00:00,193.8026,193.9,193.74,193.895,56582
2024-06-03 15:59:00+00:00,193.9,193.975,193.9,193.93,80542
2024-06-03 16:00:00+00:00,193.9202,194.09,193.91,194.0611,78001
2024-06-03 16:01:00+00:00,194.065,194.07,193.9501,193.985,52464
2024-06-03 16:02:00+00:00,193.98,193.99,193.7301,193.7701,112139
2024-06-03 16:03:00+00:00,193.7701,193.8153,193.71,193.8091,39866
2024-06-03 16:04:00+00:00,193.81,193.94,193.81,193.935,46527
2024-06-03 16:05:00+00:00,193.94,194.02,193.87,193.88,77558
2024-06-03 16:06:00+00:00,193.89,193.96,193.87,193.89,56826
2024-06-03 16:07:00+00:00,193.88,193.91,193.8,193.9,57623
2024-06-03 16:08:00+00:00,193.9,193.98,193.89,193.9187,62950
2024-06-03 16:09:00+00:00,193.91,193.95,193.88,193.95,35026
2024-06-03 16:10:00+00:00,193.95,193.995,193.93,193.94,40949
2024-06-03 16:11:00+00:00,193.93,193.94,193.89,193.905,40790
2024-06-03 16:12:00+00:00,193.9,193.9,193.53,193.555,327473
2024-06-03 16:13:00+00:00,193.56,193.6099,193.29,193.56,296916
2024-06-03 16:14:00+00:00,193.56,193.65,193.47,193.5399,57470
2024-06-03 16:15:00+00:00,193.53,193.62,193.51,193.57,51203
2024-06-03 16:16:00+00:00,193.565,193.6608,193.565,193.615,109903
2024-06-03 16:17:00+00:00,193.62,193.63,193.42,193.5199,127161
2024-06-03 16:18:00+00:00,193.505,193.57,193.41,193.49,46503
2024-06-03 16:19:00+00:00,193.4855,193.5047,193.41,193.42,42892
2024-06-03 16:20:00+00:00,193.42,193.54,193.42,193.455,52986
2024-06-03 16:21:00+00:00,193.46,193.46,193.33,193.42,69655
2024-06-03 16:22:00+00:00,193.42,193.45,193.32,193.41,73389
2024-06-03 16:23:00+00:00,193.4199,193.43,193.24,193.3926,105713
2024-06-03 16:24:00+00:00,193.41,193.43,193.35,193.38,53444
2024-06-03 16:25:00+00:00,193.38,193.385,193.2601,193.33,69096
2024-06-03 16:26:00+00:00,193.345,193.3577,193.25,193.33,59238
2024-06-03 16:27:00+00:00,193.325,193.43,193.32,193.38,104942
2024-06-03 16:28:00+00:00,193.38,193.4,193.3,193.325,37907
2024-06-03 16:29:00+00:00,193.33,193.36,193.27,193.2894,59824
2024-06-03 16:30:00+00:00,193.28,193.37,193.21,193.35,72513
2024-06-03 16:31:00+00:00,193.3411,193.35,193.11,193.126,88274
2024-06-03 16:32:00+00:00,193.13,193.205,193.0903,193.1701,77095
2024-06-03 16:33:00+00:00,193.19,193.1999,193.1,193.13,71372
2024-06-03 16:34:00+00:00,193.11,193.11,192.92,192.965,142893
2024-06-03 16:35:00+00:00,192.97,193.01,192.94,192.95,83587
2024-06-03 16:36:00+00:00,192.95,193.1887,192.93,193.15,86317
2024-06-03 16:37:00+00:00,193.16,193.25,193.1,193.15,121674
2024-06-03 16:38:00+00:00,193.15,193.17,193.05,193.1,76686
2024-06-03 16:39:00+00:00,193.1171,193.12,193.07,193.119,36932
2024-06-03 16:40:00+00:00,193.11,193.2195,193.03,193.09,64997
2024-06-03 16:41:00+00:00,193.1,193.2799,193.1,193.26,54100
2024-06-03 16:42:00+00:00,193.26,193.35,193.21,193.295,48916
2024-06-03 16:43:00+00:00,193.29,193.29,193.21,193.24,37852
2024-06-03 16:44:00+00:00,193.2329,193.33,193.22,193.27,60981
2024-06-03 16:45:00+00:00,193.26,193.2799,193.19,193.23,35229
2024-06-03 16:46:00+00:00,193.23,193.24,193.12,193.2,53963
2024-06-03 16:47:00+00:00,193.195,193.25,193.19,193.2115,67985
2024-06-03 16:48:00+00:00,193.215,193.35,193.14,193.33,61387
2024-06-03 16:49:00+00:00,193.33,193.33,193.2112,193.2288,43661
2024-06-03 16:50:00+00:00,193.23,193.2895,193.175,193.21,52378
2024-06-03 16:51:00+00:00,193.2097,193.2099,193.1025,193.19,52817
2024-06-03 16:52:00+00:00,193.18,193.18,193.044,193.1172,45796
2024-06-03 16:53:00+00:00,193.1,193.1,193.01,193.075,47824
2024-06-03 16:54:00+00:00,193.08,193.13,193.04,193.11,48908
2024-06-03 16:55:00+00:00,193.12,193.189,193.1,193.115,115022
2024-06-03 16:56:00+00:00,193.12,193.29,193.115,193.29,47055
2024-06-03 16:57:00+00:00,193.29,193.308,193.235,193.24,41304
2024-06-03 16:58:00+00:00,193.24,193.34,193.23,193.3,48169
2024-06-03 16:59:00+00:00,193.3,193.315,193.25,193.255,34780
2024-06-03 17:00:00+00:00,193.255,193.26,193.08,193.25,92096
2024-06-03 17:01:00+00:00,193.25,193.26,193.16,193.22,44932
2024-06-03 17:02:00+00:00,193.22,193.27,193.09,193.15,65570
2024-06-03 17:03:00+00:00,193.142,193.17,193.08,193.115,40887
2024-06-03 17:04:00+00:00,193.14,193.2,193.11,193.11,37350
2024-06-03 17:05:00+00:00,193.115,193.2597,193.09,193.2597,61214
2024-06-03 17:06:00+00:00,193.26,193.265,193.18,193.21,41397
2024-06-03 17:07:00+00:00,193.2,193.29,193.19,193.2,47743
2024-06-03 17:08:00+00:00,193.19,193.26,193.18,193.25,47139
2024-06-03 17:09:00+00:00,193.25,193.26,193.18,193.22,41816
2024-06-03 17:10:00+00:00,193.23,193.23,192.95,192.98,117825
2024-06-03 17:11:00+00:00,192.9754,193.02,192.84,192.8899,177009
2024-06-03 17:12:00+00:00,192.88,193.02,192.8501,193.015,57371
2024-06-03 17:13:00+00:00,193.01,193.05,192.97,193.05,35906
2024-06-03 17:14:00+00:00,193.06,193.14,193.06,193.125,53137
2024-06-03 17:15:00+00:00,193.13,193.18,193.05,193.16,65105
2024-06-03 17:16:00+00:00,193.17,193.34,193.14,193.3385,161686
2024-06-03 17:17:00+00:00,193.34,193.39,193.28,193.385,82117
2024-06-03 17:18:00+00:00,193.39,193.53,193.38,193.49,84329
2024-06-03 17:19:00+00:00,193.495,193.6185,193.47,193.61,97855
2024-06-03 17:20:00+00:00,193.6,193.72,193.585,193.6767,85595
2024-06-03 17:21:00+00:00,193.67,193.67,193.515,193.62,78661
2024-06-03 17:22:00+00:00,193.6268,193.64,193.48,193.54,119988
2024-06-03 17:23:00+00:00,193.5502,193.67,193.5334,193.65,87804
2024-06-03 17:24:00+00:00,193.66,193.665,193.4501,193.5,93317
2024-06-03 17:25:00+00:00,193.5,193.6,193.49,193.576,70091
2024-06-03 17:26:00+00:00,193.5676,193.669,193.52,193.58,72380
2024-06-03 17:27:00+00:00,193.57,193.65,193.53,193.5757,70199
2024-06-03 17:28:00+00:00,193.58,193.8264,193.58,193.76,120969
2024-06-03 17:29:00+00:00,193.765,193.8,193.7,193.77,61713
2024-06-03 17:30:00+00:00,193.76,193.86,193.75,193.7601,59122
2024-06-03 17:31:00+00:00,193.77,193.845,193.77,193.82,33064
2024-06-03 17:32:00+00:00,193.8299,193.975,193.81,193.955,133523
2024-06-03 17:33:00+00:00,193.959,194.055,193.93,193.96,122165
2024-06-03 17:34:00+00:00,193.97,194.0,193.93,193.935,35047
2024-06-03 17:35:00+00:00,193.9382,193.95,193.82,193.94,68441
2024-06-03 17:36:00+00:00,193.9528,193.98,193.93,193.97,40506
2024-06-03 17:37:00+00:00,193.97,194.05,193.91,193.93,72775
2024-06-03 17:38:00+00:00,193.93,193.99,193.895,193.905,50460
2024-06-03 17:39:00+00:00,193.9,193.97,193.86,193.94,51703
2024-06-03 17:40:00+00:00,193.92,193.97,193.91,193.915,40762
2024-06-03 17:41:00+00:00,193.9186,193.93,193.81,193.86,50814
2024-06-03 17:42:00+00:00,193.86,193.97,193.8105,193.95,45814
2024-06-03 17:43:00+00:00,193.94,194.0,193.91,193.98,61908
2024-06-03 17:44:00+00:00,193.98,194.035,193.91,193.9136,56626
2024-06-03 17:45:00+00:00,193.9333,194.0,193.9035,193.94,52941
2024-06-03 17:46:00+00:00,193.945,193.97,193.92,193.9399,34056
2024-06-03 17:47:00+00:00,193.935,193.95,193.88,193.8899,44713
2024-06-03 17:48:00+00:00,193.8899,193.9,193.82,193.84,38511
2024-06-03 17:49:00+00:00,193.85,193.91,193.83,193.8502,52632
2024-06-03 17:50:00+00:00,193.855,193.88,193.73,193.75,60438
2024-06-03 17:51:00+00:00,193.755,193.79,193.65,193.68,59680
2024-06-03 17:52:00+00:00,193.68,193.71,193.61,193.6901,65731
2024-06-03 17:53:00+00:00,193.7097,193.7977,193.59,193.77,93038
2024-06-03 17:54:00+00:00,193.78,193.78,193.73,193.7789,54496
2024-06-03 17:55:00+00:00,193.77,193.795,193.6,193.63,76553
2024-06-03 17:56:00+00:00,193.64,193.65,193.52,193.595,56788
2024-06-03 17:57:00+00:00,193.591,193.65,193.58,193.6,39554
2024-06-03 17:58:00+00:00,193.585,193.67,193.54,193.63,37446
2024-06-03 17:59:00+00:00,193.6294,193.67,193.58,193.61,42720
2024-06-03 18:00:00+00:00,193.61,193.66,193.5201,193.525,54691
2024-06-03 18:01:00+00:00,193.53,193.5875,193.47,193.565,48295
2024-06-03 18:02:00+00:00,193.5699,193.5699,193.41,193.43,59888
2024-06-03 18:03:00+00:00,193.42,193.47,193.42,193.44,41841
2024-06-03 18:04:00+00:00,193.44,193.49,193.41,193.415,32347
2024-06-03 18:05:00+00:00,193.41,193.41,193.34,193.36,53351
2024-06-03 18:06:00+00:00,193.3699,193.4599,193.3699,193.455,41959
2024-06-03 18:07:00+00:00,193.4574,193.46,193.42,193.435,25055
2024-06-03 18:08:00+00:00,193.4399,193.52,193.43,193.445,67485
2024-06-03 18:09:00+00:00,193.44,193.54,193.425,193.53,38576
2024-06-03 18:10:00+00:00,193.53,193.57,193.515,193.57,58908
2024-06-03 18:11:00+00:00,193.565,193.57,193.38,193.39,65479
2024-06-03 18:12:00+00:00,193.395,193.395,193.2312,193.2425,92423
2024-06-03 18:13:00+00:00,193.245,193.28,193.13,193.275,166906
2024-06-03 18:14:00+00:00,193.2599,193.26,193.11,193.15,85666
2024-06-03 18:15:00+00:00,193.14,193.245,193.14,193.215,74333
2024-06-03 18:16:00+00:00,193.21,193.2469,193.18,193.195,83116
2024-06-03 18:17:00+00:00,193.19,193.21,193.1,193.1598,62000
2024-06-03 18:18:00+00:00,193.155,193.3199,193.122,193.29,61781
2024-06-03 18:19:00+00:00,193.29,193.3469,193.28,193.295,57081
2024-06-03 18:20:00+00:00,193.295,193.3,193.235,193.245,49787
2024-06-03 18:21:00+00:00,193.245,193.41,193.245,193.386,69902
2024-06-03 18:22:00+00:00,193.39,193.4,193.26,193.28,49168
2024-06-03 18:23:00+00:00,193.28,193.3963,193.265,193.3802,46973
2024-06-03 18:24:00+00:00,193.385,193.39,193.21,193.28,53083
2024-06-03 18:25:00+00:00,193.27,193.34,193.26,193.3113,31456
2024-06-03 18:26:00+00:00,193.32,193.39,193.28,193.3,46690
2024-06-03 18:27:00+00:00,193.305,193.305,193.13,193.18,74318
2024-06-03 18:28:00+00:00,193.17,193.19,193.14,193.17,43188
2024-06-03 18:29:00+00:00,193.1652,193.2,193.09,193.1,93313
2024-06-03 18:30:00+00:00,193.1,193.23,193.09,193.21,41326
2024-06-03 18:31:00+00:00,193.215,193.305,193.178,193.28,59430
2024-06-03 18:32:00+00:00,193.275,193.32,193.265,193.3,63979
2024-06-03 18:33:00+00:00,193.31,193.34,193.26,193.28,43882
2024-06-03 18:34:00+00:00,193.275,193.28,193.21,193.225,39438
2024-06-03 18:35:00+00:00,193.22,193.2877,193.16,193.23,55526
2024-06-03 18:36:00+00:00,193.22,193.315,193.22,193.27,34460
2024-06-03 18:37:00+00:00,193.27,193.28,193.19,193.235,39577
2024-06-03 18:38:00+00:00,193.24,193.31,193.2,193.3099,38602
2024-06-03 18:39:00+00:00,193.31,193.32,193.2519,193.28,36509
2024-06-03 18:40:00+00:00,193.28,193.44,193.2325,193.435,64610
2024-06-03 18:41:00+00:00,193.4327,193.52,193.35,193.45,99723
2024-06-03 18:42:00+00:00,193.46,193.47,193.29,193.35,68996
2024-06-03 18:43:00+00:00,193.3,193.355,193.23,193.31,49816
2024-06-03 18:44:00+00:00,193.305,193.32,193.21,193.2204,95074
2024-06-03 18:45:00+00:00,193.22,193.27,193.21,193.23,46636
2024-06-03 18:46:00+00:00,193.23,193.275,193.15,193.16,71083
2024-06-03 18:47:00+00:00,193.1698,193.2091,193.12,193.145,60414
2024-06-03 18:48:00+00:00,193.145,193.174,193.0401,193.0599,87736
2024-06-03 18:49:00+00:00,193.055,193.09,193.03,193.08,62502
2024-06-03 18:50:00+00:00,193.0799,193.14,193.055,193.1,77427
2024-06-03 18:51:00+00:00,193.11,193.21,193.1068,193.13,58733
2024-06-03 18:52:00+00:00,193.14,193.16,193.04,193.05,47041
2024-06-03 18:53:00+00:00,193.05,193.07,192.93,192.96,147286
2024-06-03 18:54:00+00:00,192.97,192.9789,192.9101,192.94,60362
2024-06-03 18:55:00+00:00,192.935,193.005,192.9298,192.98,67715
2024-06-03 18:56:00+00:00,192.98,193.0064,192.94,192.965,52003
2024-06-03 18:57:00+00:00,192.96,193.0,192.95,192.95,51767
2024-06-03 18:58:00+00:00,192.96,193.0586,192.95,193.02,82176
2024-06-03 18:59:00+00:00,193.015,193.085,193.015,193.0499,62048
2024-06-03 19:00:00+00:00,193.04,193.08,192.98,193.01,74163
2024-06-03 19:01:00+00:00,193.02,193.11,192.995,193.03,82822
2024-06-03 19:02:00+00:00,193.04,193.1,193.04,193.095,69373
2024-06-03 19:03:00+00:00,193.0903,193.16,193.03,193.03,67717
2024-06-03 19:04:00+00:00,193.05,193.14,193.05,193.07,49366
2024-06-03 19:05:00+00:00,193.0725,193.1,192.96,193.0,90689
2024-06-03 19:06:00+00:00,193.0,193.075,192.945,193.025,45014
2024-06-03 19:07:00+00:00,193.02,193.0799,192.99,193.07,37794
2024-06-03 19:08:00+00:00,193.08,193.08,193.01,193.039,57077
2024-06-03 19:09:00+00:00,193.04,193.06,193.0001,193.0001,29966
2024-06-03 19:10:00+00:00,193.01,193.08,192.978,193.08,62129
2024-06-03 19:11:00+00:00,193.08,193.105,192.99,192.995,54590
2024-06-03 19:12:00+00:00,192.99,193.09,192.96,193.08,57209
2024-06-03 19:13:00+00:00,193.09,193.1452,193.0698,193.1299,48199
2024-06-03 19:14:00+00:00,193.13,193.16,193.0701,193.0701,48540
2024-06-03 19:15:00+00:00,193.08,193.19,193.04,193.1699,61257
2024-06-03 19:16:00+00:00,193.165,193.18,193.14,193.16,50746
2024-06-03 19:17:00+00:00,193.1591,193.26,193.1591,193.249,65784
2024-06-03 19:18:00+00:00,193.25,193.29,193.22,193.29,63828
2024-06-03 19:19:00+00:00,193.29,193.33,193.2725,193.32,85674
2024-06-03 19:20:00+00:00,193.3199,193.34,193.28,193.2999,92525
2024-06-03 19:21:00+00:00,193.295,193.46,193.295,193.41,138056
2024-06-03 19:22:00+00:00,193.41,193.41,193.29,193.3587,71336
2024-06-03 19:23:00+00:00,193.35,193.36,193.26,193.2625,54751
2024-06-03 19:24:00+00:00,193.265,193.37,193.26,193.37,59973
2024-06-03 19:25:00+00:00,193.35,193.38,193.255,193.2899,88218
2024-06-03 19:26:00+00:00,193.29,193.38,193.29,193.35,54855
2024-06-03 19:27:00+00:00,193.34,193.43,193.335,193.369,59442
2024-06-03 19:28:00+00:00,193.365,193.42,193.36,193.41,42281
2024-06-03 19:29:00+00:00,193.4001,193.43,193.345,193.354,55797
2024-06-03 19:30:00+00:00,193.36,193.405,193.31,193.32,75624
2024-06-03 19:31:00+00:00,193.3279,193.42,193.31,193.3941,58738
2024-06-03 19:32:00+00:00,193.395,193.43,193.37,193.42,59510
2024-06-03 19:33:00+00:00,193.42,193.42,193.36,193.4198,101820
2024-06-03 19:34:00+00:00,193.415,193.5799,193.4099,193.57,134761
2024-06-03 19:35:00+00:00,193.562,193.58,193.515,193.525,91228
2024-06-03 19:36:00+00:00,193.52,193.52,193.36,193.3699,70834
2024-06-03 19:37:00+00:00,193.36,193.42,193.28,193.28,115193
2024-06-03 19:38:00+00:00,193.285,193.435,193.28,193.42,119974
2024-06-03 19:39:00+00:00,193.42,193.44,193.38,193.425,121148
2024-06-03 19:40:00+00:00,193.43,193.52,193.43,193.52,72770
2024-06-03 19:41:00+00:00,193.5188,193.58,193.44,193.4405,98948
2024-06-03 19:42:00+00:00,193.44,193.58,193.44,193.5799,86046
2024-06-03 19:43:00+00:00,193.5727,193.66,193.545,193.558,132283
2024-06-03 19:44:00+00:00,193.56,193.5799,193.445,193.471,78616
2024-06-03 19:45:00+00:00,193.47,193.54,193.415,193.445,91720
2024-06-03 19:46:00+00:00,193.4478,193.64,193.43,193.63,78035
2024-06-03 19:47:00+00:00,193.64,193.65,193.53,193.54,82855
2024-06-03 19:48:00+00:00,193.55,193.6,193.54,193.58,48510
2024-06-03 19:49:00+00:00,193.5865,193.645,193.5801,193.635,75239
2024-06-03 19:50:00+00:00,193.64,193.68,193.4933,193.5185,358009
2024-06-03 19:51:00+00:00,193.5,193.58,193.36,193.4901,150282
2024-06-03 19:52:00+00:00,193.495,193.5,193.34,193.425,314039
2024-06-03 19:53:00+00:00,193.43,193.59,193.43,193.585,164561
2024-06-03 19:54:00+00:00,193.585,193.695,193.43,193.52,284049
2024-06-03 19:55:00+00:00,193.52,193.71,193.49,193.66,363530
2024-06-03 19:56:00+00:00,193.665,193.84,193.665,193.8,256887
2024-06-03 19:57:00+00:00,193.805,193.88,193.695,193.795,203140
2024-06-03 19:58:00+00:00,193.79,193.855,193.74,193.78,289632
2024-06-03 19:59:00+00:00,193.785,194.11,193.785,194.09,940694
2024-06-03 20:00:00+00:00,194.03,194.129,194.02,194.1,5818526
2024-06-03 20:01:00+00:00,194.12,194.12,194.1,194.1,11100
2024-06-03 20:02:00+00:00,194.1,194.16,194.03,194.15,33257
2024-06-03 20:03:00+00:00,194.15,194.2,194.15,194.2,852374
2024-06-03 20:04:00+00:00,194.2,194.22,194.03,194.2,167050
2024-06-03 20:05:00+00:00,194.2005,194.26,194.03,194.23,5632
2024-06-03 20:06:00+00:00,194.03,194.37,194.03,194.35,103582
2024-06-03 20:07:00+00:00,194.35,194.4,194.35,194.35,1500
2024-06-03 20:08:00+00:00,194.21,194.32,194.21,194.32,1612
2024-06-03 20:09:00+00:00,194.34,194.34,194.32,194.33,53049
2024-06-03 20:10:00+00:00,194.32,194.32,194.24,194.3,7465
2024-06-03 20:11:00+00:00,194.27,194.27,194.27,194.27,351
2024-06-03 20:12:00+00:00,194.29,194.29,194.29,194.29,799
2024-06-03 20:13:00+00:00,194.3,194.3,194.26,194.26,1612
2024-06-03 20:14:00+00:00,194.29,194.29,194.15,194.15,2405
2024-06-03 20:15:00+00:00,194.133,194.29,194.133,194.29,477
2024-06-03 20:16:00+00:00,194.16,194.16,194.1027,194.1027,1838
2024-06-03 20:17:00+00:00,194.28,194.28,194.25,194.28,2995
2024-06-03 20:18:00+00:00,194.28,194.28,194.12,194.12,5024
2024-06-03 20:19:00+00:00,194.2698,194.2698,194.03,194.03,445
2024-06-03 20:20:00+00:00,194.1499,194.1499,194.1499,194.1499,43464
2024-06-03 20:21:00+00:00,194.13,194.27,194.13,194.27,1156
2024-06-03 20:23:00+00:00,194.28,194.28,194.28,194.28,317
2024-06-03 20:24:00+00:00,194.1533,194.1533,194.1533,194.1533,365
2024-06-03 20:25:00+00:00,194.15,194.16,194.15,194.15,972
2024-06-03 20:28:00+00:00,194.14,194.14,194.14,194.14,256
2024-06-03 20:29:00+00:00,194.14,194.14,194.14,194.14,168
2024-06-03 20:30:00+00:00,194.18,194.18,194.14,194.14,825
2024-06-03 20:31:00+00:00,194.14,194.14,194.14,194.14,312
2024-06-03 20:32:00+00:00,194.15,194.15,194.15,194.15,147
2024-06-03 20:33:00+00:00,194.15,194.15,194.15,194.15,866
2024-06-03 20:34:00+00:00,194.15,194.2,194.15,194.19,3149
2024-06-03 20:35:00+00:00,194.03,194.03,194.03,194.03,42003
2024-06-03 20:36:00+00:00,194.16,194.2,194.16,194.2,783
2024-06-03 20:37:00+00:00,194.23,194.23,194.2,194.2,281
2024-06-03 20:39:00+00:00,194.27,194.28,194.27,194.28,1096
2024-06-03 20:40:00+00:00,194.25,194.25,194.25,194.25,918
2024-06-03 20:41:00+00:00,194.21,194.21,194.21,194.21,926
2024-06-03 20:42:00+00:00,194.2415,194.25,194.2415,194.25,607
2024-06-03 20:45:00+00:00,194.2004,194.2004,194.2,194.2,2868
2024-06-03 20:46:00+00:00,194.15,194.15,194.1,194.1187,1550
2024-06-03 20:48:00+00:00,194.16,194.16,194.16,194.16,410
2024-06-03 20:50:00+00:00,194.16,194.16,194.03,194.03,27917
2024-06-03 20:52:00+00:00,194.13,194.13,194.13,194.13,470
2024-06-03 20:56:00+00:00,194.15,194.15,194.13,194.13,2028
2024-06-03 20:57:00+00:00,194.13,194.13,194.12,194.12,4270
2024-06-03 20:58:00+00:00,194.11,194.11,194.11,194.11,1569
2024-06-03 20:59:00+00:00,194.11,194.11,194.1,194.1,721
2024-06-03 21:00:00+00:00,194.1,194.13,194.06,194.06,2434
2024-06-03 21:01:00+00:00,194.08,194.08,194.08,194.08,384
2024-06-03 21:02:00+00:00,194.1,194.1,194.1,194.1,1031
2024-06-03 21:03:00+00:00,194.08,194.08,194.08,194.08,805
2024-06-03 21:04:00+00:00,194.1,194.1099,194.1,194.1099,444
2024-06-03 21:05:00+00:00,194.11,194.11,194.11,194.11,386
2024-06-03 21:07:00+00:00,194.1,194.1,194.1,194.1,173
2024-06-03 21:13:00+00:00,194.1,194.1,194.1,194.1,183
2024-06-03 21:14:00+00:00,194.0999,194.0999,194.0999,194.0999,380
2024-06-03 21:15:00+00:00,194.1,194.1,194.1,194.1,1767
2024-06-03 21:16:00+00:00,194.09,194.1,194.09,194.1,1771
2024-06-03 21:18:00+00:00,194.15,194.15,194.15,194.15,239
2024-06-03 21:19:00+00:00,194.13,194.13,194.13,194.13,2793
2024-06-03 21:24:00+00:00,194.08,194.08,194.08,194.08,864
2024-06-03 21:27:00+00:00,194.13,194.13,194.13,194.13,566
2024-06-03 21:28:00+00:00,194.13,194.13,194.13,194.13,234
2024-06-03 21:30:00+00:00,194.08,194.08,194.08,194.08,1711
2024-06-03 21:32:00+00:00,194.08,194.08,194.08,194.08,939
2024-06-03 21:34:00+00:00,194.05,194.1153,194.05,194.1153,684
2024-06-03 21:35:00+00:00,194.05,194.05,194.05,194.05,353
2024-06-03 21:36:00+00:00,194.0413,194.0413,194.04,194.04,268
2024-06-03 21:38:00+00:00,194.04,194.04,194.03,194.03,1107
2024-06-03 21:39:00+00:00,194.03,194.03,194.03,194.03,233
2024-06-03 21:41:00+00:00,194.0305,194.0305,194.03,194.03,463
2024-06-03 21:42:00+00:00,194.06,194.06,194.06,194.06,281
2024-06-03 21:44:00+00:00,194.04,194.05,194.03,194.03,766
2024-06-03 21:45:00+00:00,194.0594,194.0594,194.0594,194.0594,150
2024-06-03 21:47:00+00:00,194.0595,194.0595,194.0595,194.0595,213
2024-06-03 21:48:00+00:00,194.0591,194.06,194.0591,194.06,1099
2024-06-03 21:50:00+00:00,194.07,194.07,194.03,194.03,1327
2024-06-03 21:51:00+00:00,194.03,194.03,194.03,194.03,13475
2024-06-03 21:52:00+00:00,194.08,194.08,194.07,194.07,1033
2024-06-03 21:53:00+00:00,194.08,194.08,194.08,194.08,154
2024-06-03 21:57:00+00:00,194.0481,194.09,194.0481,194.09,538
2024-06-03 21:59:00+00:00,194.1,194.1,194.1,194.1,2532
2024-06-03 22:01:00+00:00,194.1,194.1,194.1,194.1,1033
2024-06-03 22:04:00+00:00,194.08,194.08,194.07,194.07,565
2024-06-03 22:05:00+00:00,194.07,194.07,194.03,194.03,3600
2024-06-03 22:06:00+00:00,194.06,194.06,194.06,194.06,179
2024-06-03 22:08:00+00:00,194.0596,194.0596,194.0596,194.0596,220
2024-06-03 22:09:00+00:00,194.04,194.04,194.04,194.04,171
2024-06-03 22:10:00+00:00,194.1,194.11,194.1,194.11,1565
2024-06-03 22:11:00+00:00,194.1099,194.11,194.1099,194.11,511
2024-06-03 22:12:00+00:00,194.11,194.11,194.0541,194.0541,527
2024-06-03 22:15:00+00:00,194.11,194.11,194.11,194.11,383
2024-06-03 22:16:00+00:00,194.04,194.04,194.04,194.04,106
2024-06-03 22:18:00+00:00,194.1298,194.1298,194.1298,194.1298,294
2024-06-03 22:19:00+00:00,194.1199,194.1199,194.1199,194.1199,376
2024-06-03 22:20:00+00:00,194.1001,194.11,194.1001,194.11,310
2024-06-03 22:21:00+00:00,194.12,194.12,194.12,194.12,135
2024-06-03 22:22:00+00:00,194.12,194.12,194.12,194.12,703
2024-06-03 22:24:00+00:00,194.12,194.12,194.12,194.12,168
2024-06-03 22:26:00+00:00,194.12,194.12,194.12,194.12,2031
2024-06-03 22:27:00+00:00,194.1191,194.1191,194.1191,194.1191,165
2024-06-03 22:28:00+00:00,194.0845,194.0845,194.0845,194.0845,386
2024-06-03 22:29:00+00:00,194.12,194.12,194.12,194.12,155
2024-06-03 22:31:00+00:00,194.12,194.12,194.12,194.12,790
2024-06-03 22:32:00+00:00,194.12,194.29,194.12,194.29,1820
2024-06-03 22:33:00+00:00,194.12,194.12,194.12,194.12,1496
2024-06-03 22:34:00+00:00,194.12,194.12,194.0876,194.0876,678
2024-06-03 22:35:00+00:00,194.12,194.12,194.12,194.12,212
2024-06-03 22:36:00+00:00,194.0871,194.0871,194.0871,194.0871,155
2024-06-03 22:37:00+00:00,194.1026,194.1026,194.1026,194.1026,287
2024-06-03 22:40:00+00:00,194.12,194.12,194.12,194.12,424
2024-06-03 22:41:00+00:00,194.1,194.1,194.1,194.1,405
2024-06-03 22:42:00+00:00,194.12,194.12,194.1,194.1,1039
2024-06-03 22:43:00+00:00,194.1,194.11,194.1,194.11,1416
2024-06-03 22:47:00+00:00,194.08,194.08,194.04,194.04,3107
2024-06-03 22:52:00+00:00,194.0898,194.09,194.03,194.09,1084
2024-06-03 22:53:00+00:00,194.09,194.09,194.09,194.09,310
2024-06-03 22:54:00+00:00,194.0893,194.0893,194.0893,194.0893,240
2024-06-03 22:55:00+00:00,194.09,194.09,194.09,194.09,143
2024-06-03 22:56:00+00:00,194.05,194.05,194.04,194.04,1028
2024-06-03 22:57:00+00:00,194.04,194.04,194.04,194.04,254
2024-06-03 22:58:00+00:00,194.03,194.03,194.03,194.03,2527
2024-06-03 23:01:00+00:00,194.03,194.03,194.03,194.03,285
2024-06-03 23:02:00+00:00,194.06,194.06,194.06,194.06,423
2024-06-03 23:04:00+00:00,194.1,194.1,194.1,194.1,537
2024-06-03 23:06:00+00:00,194.05,194.05,194.05,194.05,349
2024-06-03 23:11:00+00:00,194.05,194.05,194.0401,194.0401,830
2024-06-03 23:13:00+00:00,194.08,194.1,194.08,194.1,299
2024-06-03 23:17:00+00:00,194.0701,194.0701,194.0701,194.0701,285
2024-06-03 23:19:00+00:00,194.1,194.1,194.1,194.1,128
2024-06-03 23:22:00+00:00,194.1,194.1,194.1,194.1,620
2024-06-03 23:25:00+00:00,194.11,194.11,194.11,194.11,130
2024-06-03 23:26:00+00:00,194.07,194.07,194.07,194.07,243
2024-06-03 23:28:00+00:00,194.06,194.06,194.05,194.05,872
2024-06-03 23:29:00+00:00,194.04,194.04,194.04,194.04,1771
2024-06-03 23:31:00+00:00,194.03,194.04,194.03,194.03,1364
2024-06-03 23:32:00+00:00,194.03,194.03,194.03,194.03,321
2024-06-03 23:33:00+00:00,194.0301,194.0302,194.0301,194.0302,823
2024-06-03 23:34:00+00:00,194.04,194.04,194.04,194.04,580
2024-06-03 23:39:00+00:00,194.03,194.03,194.03,194.03,597
2024-06-03 23:41:00+00:00,194.03,194.03,194.03,194.03,377
2024-06-03 23:42:00+00:00,194.07,194.07,194.07,194.07,104
2024-06-03 23:43:00+00:00,194.08,194.09,194.07,194.07,684
2024-06-03 23:44:00+00:00,194.0999,194.0999,194.0999,194.0999,338
2024-06-03 23:45:00+00:00,194.07,194.07,194.07,194.07,190
2024-06-03 23:46:00+00:00,194.07,194.07,194.0316,194.0316,1560
2024-06-03 23:47:00+00:00,194.04,194.04,194.04,194.04,294
2024-06-03 23:48:00+00:00,194.04,194.04,194.04,194.04,886
2024-06-03 23:49:00+00:00,194.05,194.05,194.05,194.05,246
2024-06-03 23:51:00+00:00,194.05,194.05,194.05,194.05,565
2024-06-03 23:52:00+00:00,194.05,194.05,194.05,194.05,164
2024-06-03 23:53:00+00:00,194.06,194.06,194.06,194.06,362
2024-06-03 23:54:00+00:00,194.08,194.08,194.05,194.05,492
2024-06-03 23:55:00+00:00,194.05,194.05,194.05,194.05,795
2024-06-03 23:56:00+00:00,194.05,194.05,194.05,194.05,554
2024-06-03 23:57:00+00:00,194.05,194.07,194.05,194.07,524
2024-06-03 23:58:00+00:00,194.0601,194.07,194.0601,194.07,867
2024-06-03 23:59:00+00:00,194.07,194.08,194.07,194.08,1312
2024-06-04 08:00:00+00:00,194.03,194.03,193.91,193.91,977
2024-06-04 08:01:00+00:00,193.86,193.86,193.86,193.86,618
2024-06-04 08:07:00+00:00,193.57,193.57,193.51,193.51,1284
2024-06-04 08:08:00+00:00,193.6,193.61,193.6,193.61,714
2024-06-04 08:11:00+00:00,193.54,193.54,193.53,193.53,1008
2024-06-04 08:12:00+00:00,193.6,193.6,193.6,193.6,1311
2024-06-04 08:15:00+00:00,193.44,193.5,193.44,193.5,1097
2024-06-04 08:16:00+00:00,193.51,193.51,193.48,193.48,898
2024-06-04 08:17:00+00:00,193.48,193.48,193.48,193.48,491
2024-06-04 08:20:00+00:00,193.59,193.6,193.59,193.6,1601
2024-06-04 08:21:00+00:00,193.61,193.61,193.61,193.61,513
2024-06-04 08:22:00+00:00,193.79,193.79,193.79,193.79,633
2024-06-04 08:27:00+00:00,193.65,193.65,193.65,193.65,949
2024-06-04 08:28:00+00:00,193.63,193.63,193.63,193.63,266
2024-06-04 08:29:00+00:00,193.65,193.65,193.65,193.65,645
2024-06-04 08:30:00+00:00,193.51,193.51,193.5,193.5,680
2024-06-04 08:33:00+00:00,193.51,193.51,193.5,193.51,802
2024-06-04 08:38:00+00:00,193.43,193.43,193.43,193.43,342
2024-06-04 08:45:00+00:00,193.6,193.6,193.6,193.6,120
2024-06-04 08:49:00+00:00,193.49,193.49,193.49,193.49,247
2024-06-04 08:50:00+00:00,193.48,193.48,193.48,193.48,1301
2024-06-04 08:51:00+00:00,193.5,193.5,193.5,193.5,101
2024-06-04 08:52:00+00:00,193.41,193.41,193.4,193.4,2397
2024-06-04 08:55:00+00:00,193.31,193.31,193.31,193.31,156
2024-06-04 09:04:00+00:00,193.25,193.25,193.25,193.25,1073
2024-06-04 09:07:00+00:00,193.2,193.2,193.2,193.2,521
2024-06-04 09:08:00+00:00,193.2,193.2,193.15,193.15,1747
2024-06-04 09:12:00+00:00,193.23,193.23,193.23,193.23,128
2024-06-04 09:16:00+00:00,193.17,193.17,193.1,193.1,1456
2024-06-04 09:18:00+00:00,193.07,193.07,193.02,193.02,737
2024-06-04 09:20:00+00:00,193.1,193.1,193.1,193.1,648
2024-06-04 09:25:00+00:00,193.15,193.18,193.15,193.18,1176
2024-06-04 09:28:00+00:00,193.2,193.2,193.2,193.2,631
2024-06-04 09:30:00+00:00,193.2,193.2,193.2,193.2,363
2024-06-04 09:31:00+00:00,193.25,193.25,193.25,193.25,382
2024-06-04 09:41:00+00:00,193.36,193.36,193.36,193.36,1075
2024-06-04 09:42:00+00:00,193.39,193.4,193.39,193.4,1098
2024-06-04 09:43:00+00:00,193.4,193.4,193.4,193.4,246
2024-06-04 09:44:00+00:00,193.39,193.4,193.39,193.4,858
2024-06-04 09:46:00+00:00,193.39,193.39,193.36,193.36,1082
2024-06-04 09:47:00+00:00,193.3,193.3,193.26,193.26,1192
2024-06-04 09:48:00+00:00,193.27,193.27,193.27,193.27,401
2024-06-04 09:49:00+00:00,193.26,193.26,193.26,193.26,1092
2024-06-04 09:50:00+00:00,193.23,193.23,193.23,193.23,1022
2024-06-04 09:53:00+00:00,193.2,193.2,193.2,193.2,317
2024-06-04 09:57:00+00:00,193.2,193.2,193.2,193.2,844
2024-06-04 10:00:00+00:00,193.21,193.21,193.21,193.21,206
2024-06-04 10:05:00+00:00,193.25,193.25,193.25,193.25,326
2024-06-04 10:08:00+00:00,193.15,193.15,193.03,193.03,1583
2024-06-04 10:11:00+00:00,193.1,193.1,193.1,193.1,291
2024-06-04 10:12:00+00:00,193.16,193.16,193.16,193.16,174
2024-06-04 10:16:00+00:00,193.23,193.25,193.23,193.25,1445
2024-06-04 10:17:00+00:00,193.43,193.43,193.43,193.43,818
2024-06-04 10:31:00+00:00,193.31,193.32,193.31,193.32,1097
2024-06-04 10:45:00+00:00,193.34,193.34,193.34,193.34,142
2024-06-04 10:52:00+00:00,193.3,193.3,193.3,193.3,100
2024-06-04 10:54:00+00:00,193.31,193.31,193.31,193.31,593
2024-06-04 10:57:00+00:00,193.3,193.3,193.3,193.3,205
2024-06-04 11:00:00+00:00,193.46,193.46,193.46,193.46,1366
2024-06-04 11:01:00+00:00,193.45,193.45,193.45,193.45,989
2024-06-04 11:06:00+00:00,193.41,193.41,193.41,193.41,2665
2024-06-04 11:12:00+00:00,193.41,193.43,193.41,193.43,989
2024-06-04 11:14:00+00:00,193.4,193.4,193.4,193.4,231
2024-06-04 11:16:00+00:00,193.4,193.4,193.4,193.4,1163
2024-06-04 11:18:00+00:00,193.42,193.42,193.42,193.42,333
2024-06-04 11:19:00+00:00,193.45,193.45,193.45,193.45,1202
2024-06-04 11:20:00+00:00,193.48,193.48,193.48,193.48,1679
2024-06-04 11:21:00+00:00,193.54,193.59,193.54,193.59,1027
2024-06-04 11:22:00+00:00,193.58,193.6,193.58,193.6,646
2024-06-04 11:23:00+00:00,193.6,193.6,193.6,193.6,1877
2024-06-04 11:27:00+00:00,193.6,193.6,193.6,193.6,797
2024-06-04 11:29:00+00:00,193.6,193.6,193.6,193.6,224
2024-06-04 11:35:00+00:00,193.64,193.7,193.64,193.7,1851
2024-06-04 11:36:00+00:00,193.85,193.85,193.85,193.85,761
2024-06-04 11:38:00+00:00,193.84,193.86,193.84,193.86,892
2024-06-04 11:39:00+00:00,193.83,193.88,193.83,193.83,718
2024-06-04 11:41:00+00:00,193.83,193.86,193.83,193.86,2339
2024-06-04 11:44:00+00:00,193.83,193.88,193.83,193.88,1346
2024-06-04 11:45:00+00:00,193.87,193.87,193.86,193.86,3647
2024-06-04 11:49:00+00:00,193.86,193.87,193.86,193.87,1197
2024-06-04 11:50:00+00:00,193.85,193.85,193.85,193.85,909
2024-06-04 11:51:00+00:00,193.8,193.8,193.7,193.7,1679
2024-06-04 11:53:00+00:00,193.66,193.66,193.66,193.66,331
2024-06-04 11:57:00+00:00,193.66,193.66,193.66,193.66,504
2024-06-04 11:58:00+00:00,193.62,193.62,193.62,193.62,333
2024-06-04 11:59:00+00:00,193.64,193.68,193.6,193.68,2654
2024-06-04 12:00:00+00:00,193.41,194.03,193.3001,193.7,32124
2024-06-04 12:01:00+00:00,193.6901,193.86,193.6901,193.8,3823
2024-06-04 12:02:00+00:00,193.76,194.25,193.76,194.25,3382
2024-06-04 12:03:00+00:00,193.9,194.42,193.7501,193.7501,2285
2024-06-04 12:04:00+00:00,193.84,194.41,193.53,193.53,6405
2024-06-04 12:05:00+00:00,194.22,194.41,194.0,194.0,3700
2024-06-04 12:06:00+00:00,194.32,194.4,193.5401,193.6,5279
2024-06-04 12:07:00+00:00,193.5402,193.6,193.54,193.55,3217
2024-06-04 12:08:00+00:00,193.55,193.55,193.55,193.55,1190
2024-06-04 12:09:00+00:00,193.69,193.73,193.68,193.73,3153
2024-06-04 12:13:00+00:00,193.58,193.58,193.5705,193.5705,649
2024-06-04 12:16:00+00:00,193.64,193.64,193.64,193.64,550
2024-06-04 12:19:00+00:00,193.6006,193.6006,193.6006,193.6006,203
2024-06-04 12:21:00+00:00,193.7,193.7,193.7,193.7,3053
2024-06-04 12:22:00+00:00,193.695,193.695,193.695,193.695,257
2024-06-04 12:28:00+00:00,193.67,193.67,193.67,193.67,402
2024-06-04 12:29:00+00:00,193.71,193.71,193.71,193.71,349
2024-06-04 12:32:00+00:00,193.73,193.73,193.73,193.73,704
2024-06-04 12:33:00+00:00,193.78,194.03,193.78,194.03,11258
2024-06-04 12:34:00+00:00,193.75,193.75,193.75,193.75,781
2024-06-04 12:35:00+00:00,193.8,193.8,193.75,193.8,1172
2024-06-04 12:36:00+00:00,193.79,193.79,193.79,193.79,341
2024-06-04 12:37:00+00:00,193.75,193.75,193.75,193.75,579
2024-06-04 12:39:00+00:00,193.77,193.77,193.73,193.73,1471
2024-06-04 12:40:00+00:00,193.68,193.75,193.68,193.75,930
2024-06-04 12:41:00+00:00,193.6659,193.74,193.6659,193.74,732
2024-06-04 12:42:00+00:00,193.7,193.749,193.7,193.749,4076
2024-06-04 12:44:00+00:00,193.73,193.8083,193.73,193.8083,1206
2024-06-04 12:45:00+00:00,193.77,193.77,193.77,193.77,581
2024-06-04 12:46:00+00:00,193.72,193.8599,193.72,193.8599,1262
2024-06-04 12:47:00+00:00,193.94,193.9476,193.89,193.9476,1841
2024-06-04 12:48:00+00:00,193.92,193.95,193.9,193.9,1675
2024-06-04 12:50:00+00:00,193.8692,193.9,193.86,193.9,806
2024-06-04 12:52:00+00:00,193.89,193.89,193.89,193.89,983
2024-06-04 12:53:00+00:00,193.86,193.95,193.86,193.95,6033
2024-06-04 12:54:00+00:00,193.8209,193.95,193.8209,193.95,470
2024-06-04 12:55:00+00:00,193.94,193.94,193.93,193.94,1073
2024-06-04 12:56:00+00:00,193.94,193.99,193.94,193.99,1556
2024-06-04 12:57:00+00:00,193.969,193.969,193.969,193.969,356
2024-06-04 12:59:00+00:00,193.99,193.9999,193.88,193.88,1577
2024-06-04 13:00:00+00:00,193.99,193.99,193.92,193.92,874
2024-06-04 13:01:00+00:00,193.985,193.99,193.985,193.99,1226
2024-06-04 13:02:00+00:00,193.99,193.99,193.99,193.99,417
2024-06-04 13:03:00+00:00,193.99,193.99,193.99,193.99,599
2024-06-04 13:04:00+00:00,193.985,193.99,193.92,193.92,1379
2024-06-04 13:05:00+00:00,193.9,193.95,193.9,193.95,1662
2024-06-04 13:06:00+00:00,193.96,193.97,193.9,193.9,556
2024-06-04 13:07:00+00:00,193.93,193.97,193.93,193.97,4725
2024-06-04 13:08:00+00:00,193.92,193.94,193.92,193.94,398
2024-06-04 13:09:00+00:00,193.95,193.95,193.94,193.94,893
2024-06-04 13:10:00+00:00,193.91,193.91,193.91,193.91,270
2024-06-04 13:11:00+00:00,193.9,193.9706,193.8612,193.9706,912
2024-06-04 13:13:00+00:00,193.98,194.0,193.98,194.0,7093
2024-06-04 13:14:00+00:00,193.986,194.03,193.986,194.03,3741
2024-06-04 13:15:00+00:00,194.04,194.06,194.04,194.06,1587
2024-06-04 13:16:00+00:00,194.08,194.09,193.96,193.96,2446
2024-06-04 13:17:00+00:00,194.01,194.01,193.99,193.99,656
2024-06-04 13:18:00+00:00,193.9218,193.9218,193.9218,193.9218,701
2024-06-04 13:19:00+00:00,194.01,194.02,194.01,194.02,831
2024-06-04 13:21:00+00:00,194.05,194.05,193.98,193.98,1828
2024-06-04 13:22:00+00:00,194.05,194.05,193.95,194.0,2986
2024-06-04 13:23:00+00:00,194.0,194.0,193.97,193.97,1995
2024-06-04 13:24:00+00:00,194.0,194.01,193.99,193.99,2195
2024-06-04 13:25:00+00:00,194.01,194.48,193.99,194.0,11600
2024-06-04 13:26:00+00:00,194.01,194.05,193.88,193.92,6825
2024-06-04 13:27:00+00:00,193.91,194.5,193.9,194.46,35228
2024-06-04 13:28:00+00:00,194.5,194.87,194.41,194.64,68278
2024-06-04 13:29:00+00:00,194.63,194.8,194.51,194.63,17683
2024-06-04 13:30:00+00:00,194.61,195.0,194.6,194.88,1859310
2024-06-04 13:31:00+00:00,194.84,194.86,194.59,194.765,187819
2024-06-04 13:32:00+00:00,194.78,194.875,194.46,194.595,168750
2024-06-04 13:33:00+00:00,194.61,194.63,194.12,194.1299,175499
2024-06-04 13:34:00+00:00,194.13,194.45,193.85,193.9,301441
2024-06-04 13:35:00+00:00,193.91,194.1831,193.85,194.17,158489
2024-06-04 13:36:00+00:00,194.18,194.24,193.715,193.8415,274080
2024-06-04 13:37:00+00:00,193.82,193.93,193.71,193.8599,146053
2024-06-04 13:38:00+00:00,193.85,193.9,193.74,193.83,144561
2024-06-04 13:39:00+00:00,193.79,193.93,193.68,193.7328,157109
2024-06-04 13:40:00+00:00,193.71,193.73,193.4201,193.5287,209909
2024-06-04 13:41:00+00:00,193.5226,193.63,193.47,193.61,102583
2024-06-04 13:42:00+00:00,193.6027,193.63,193.4201,193.45,102329
2024-06-04 13:43:00+00:00,193.4508,193.48,193.33,193.3875,106560
2024-06-04 13:44:00+00:00,193.375,193.48,193.33,193.4,115913
2024-06-04 13:45:00+00:00,193.425,193.48,193.3,193.39,134353
2024-06-04 13:46:00+00:00,193.395,193.44,193.16,193.215,131006
2024-06-04 13:47:00+00:00,193.21,193.28,193.16,193.2,366793
2024-06-04 13:48:00+00:00,193.2,193.47,193.19,193.45,129838
2024-06-04 13:49:00+00:00,193.44,193.48,193.34,193.4552,164781
2024-06-04 13:50:00+00:00,193.46,193.57,193.43,193.545,163098
2024-06-04 13:51:00+00:00,193.535,193.57,193.415,193.49,108730
2024-06-04 13:52:00+00:00,193.49,193.54,193.44,193.5287,87116
2024-06-04 13:53:00+00:00,193.525,193.64,193.45,193.5,111479
2024-06-04 13:54:00+00:00,193.51,193.52,193.2801,193.43,145475
2024-06-04 13:55:00+00:00,193.43,193.44,193.18,193.185,124560
2024-06-04 13:56:00+00:00,193.18,193.28,193.12,193.23,85519
2024-06-04 13:57:00+00:00,193.22,193.24,193.11,193.11,91522
2024-06-04 13:58:00+00:00,193.12,193.24,193.075,193.09,114503
2024-06-04 13:59:00+00:00,193.0999,193.18,193.0342,193.18,102809
2024-06-04 14:00:00+00:00,193.18,193.81,193.165,193.575,461166
2024-06-04 14:01:00+00:00,193.58,193.75,193.5044,193.63,186618
2024-06-04 14:02:00+00:00,193.625,193.63,193.4177,193.58,129056
2024-06-04 14:03:00+00:00,193.59,193.64,193.35,193.5301,107097
2024-06-04 14:04:00+00:00,193.53,193.6,193.37,193.44,130725
2024-06-04 14:05:00+00:00,193.42,193.47,193.18,193.19,131293
2024-06-04 14:06:00+00:00,193.17,193.32,193.08,193.22,180754
2024-06-04 14:07:00+00:00,193.215,193.28,193.11,193.255,85204
2024-06-04 14:08:00+00:00,193.26,193.32,193.14,193.195,82484
2024-06-04 14:09:00+00:00,193.2,193.32,193.175,193.175,77798
2024-06-04 14:10:00+00:00,193.18,193.41,193.09,193.41,111548
2024-06-04 14:11:00+00:00,193.41,193.63,193.3723,193.62,297165
2024-06-04 14:12:00+00:00,193.63,193.72,193.6,193.72,235381
2024-06-04 14:13:00+00:00,193.72,193.76,193.61,193.62,211850
2024-06-04 14:14:00+00:00,193.61,193.61,193.36,193.49,167782
2024-06-04 14:15:00+00:00,193.4929,193.74,193.45,193.71,145356
2024-06-04 14:16:00+00:00,193.71,193.8995,193.59,193.87,132123
2024-06-04 14:17:00+00:00,193.8743,193.92,193.78,193.885,103005
2024-06-04 14:18:00+00:00,193.885,193.915,193.765,193.845,77054
2024-06-04 14:19:00+00:00,193.85,193.925,193.77,193.855,82651
2024-06-04 14:20:00+00:00,193.8413,193.96,193.69,193.86,107323
2024-06-04 14:21:00+00:00,193.87,193.88,193.7,193.815,86215
2024-06-04 14:22:00+00:00,193.815,193.84,193.61,193.625,68843
2024-06-04 14:23:00+00:00,193.62,193.77,193.59,193.765,78244
2024-06-04 14:24:00+00:00,193.765,193.83,193.76,193.78,59141
2024-06-04 14:25:00+00:00,193.77,193.9101,193.77,193.78,112069
2024-06-04 14:26:00+00:00,193.79,193.83,193.71,193.765,70625
2024-06-04 14:27:00+00:00,193.765,193.87,193.76,193.865,64061
2024-06-04 14:28:00+00:00,193.865,194.07,193.8601,194.05,135969
2024-06-04 14:29:00+00:00,194.06,194.08,194.0,194.03,107957
2024-06-04 14:30:00+00:00,194.025,194.14,193.8797,194.0799,243662
2024-06-04 14:31:00+00:00,194.07,194.18,193.95,194.125,139704
2024-06-04 14:32:00+00:00,194.13,194.4,194.13,194.301,282425
2024-06-04 14:33:00+00:00,194.31,194.35,193.89,193.935,231179
2024-06-04 14:34:00+00:00,193.94,194.1,193.93,193.98,148106
2024-06-04 14:35:00+00:00,193.99,194.0299,193.8201,193.8401,92765
2024-06-04 14:36:00+00:00,193.845,193.85,193.72,193.79,82953
2024-06-04 14:37:00+00:00,193.795,193.87,193.66,193.84,74783
2024-06-04 14:38:00+00:00,193.83,193.87,193.7599,193.84,57167
2024-06-04 14:39:00+00:00,193.85,193.92,193.82,193.91,71849
2024-06-04 14:40:00+00:00,193.92,194.08,193.915,194.015,110694
2024-06-04 14:41:00+00:00,194.02,194.19,194.02,194.16,73940
2024-06-04 14:42:00+00:00,194.1501,194.24,194.0632,194.18,62693
2024-06-04 14:43:00+00:00,194.1713,194.19,194.11,194.145,80828
2024-06-04 14:44:00+00:00,194.145,194.235,194.1,194.22,121822
2024-06-04 14:45:00+00:00,194.215,194.22,194.1,194.2,77930
2024-06-04 14:46:00+00:00,194.19,194.2,194.04,194.06,86652
2024-06-04 14:47:00+00:00,194.07,194.07,193.81,193.86,114201
2024-06-04 14:48:00+00:00,193.8546,193.945,193.83,193.9185,69902
2024-06-04 14:49:00+00:00,193.92,193.98,193.9001,193.92,54062
2024-06-04 14:50:00+00:00,193.92,194.05,193.91,194.0385,74654
2024-06-04 14:51:00+00:00,194.03,194.05,193.9601,194.0499,56690
2024-06-04 14:52:00+00:00,194.05,194.15,194.03,194.1048,88989
2024-06-04 14:53:00+00:00,194.1,194.15,193.98,194.0733,60964
2024-06-04 14:54:00+00:00,194.08,194.18,194.05,194.18,57804
2024-06-04 14:55:00+00:00,194.1687,194.18,194.0604,194.16,55127
2024-06-04 14:56:00+00:00,194.17,194.19,194.0901,194.14,82421
2024-06-04 14:57:00+00:00,194.1276,194.13,194.01,194.1144,143942
2024-06-04 14:58:00+00:00,194.125,194.23,194.09,194.216,103843
